_id,geometry,map_id,name,province,district,commune,landarea_h,capital,developer,cdc_num,date_cdc,sub_decree,date_sub,cdc_status,cur_status,pre_status,com_invest,reference,referen_kh,last_updat,language,cap_inv_m,Latitude,Longitude
1,0101000020887F00004129984A0DFB0F419C373988FD983441,21,MDS Thmorda SEZ,Pursat,Veal Veaeng,Thma Da,2265,30392000,Mr. Try Pheap,2030,30-Sep-10,Not found,Not found,Not found,Feb 2014__Infrastructure developing,Not found,Not found,IRITWG_Overview_of_the_Transport_Infrastructure_Sector_in_the_Kingdom_of_Cambodia__2015.pdf;CDC__22.04.2013.pdf,,17/5/2016,English,,12.20231,102.812398
2,0101000020887F0000A347723160D52241E9FD97E5F1A53241,22,N.L.C SEZ,Svay Rieng,Svay Teab,Chrak Mtes,105,13000000,Ms. Leang Vouch Chheng,2403,15-Jul-05,Not found,Not found,Not found,Feb 2014__Infrastructure developing,Jul 2011__No activities,Not found,IRITWG_Overview_of_the_Transport_Infrastructure_Sector_in_the_Kingdom_of_Cambodia__2015.pdf;All_SEZ_list_by_2009.pdf;CDC__22.04.2013.pdf;Cambodia_Special_Economic_Zones__00.07.2011.pdf,,17/5/2016,English,,11.053724,106.072381
3,0101000020887F0000C04A7F72179A27412B5E7BC280113741,23,Try Pheap Ou Ya Dav SEZ,Ratanak Kiri,Ou Ya Dav,Pak Nhai,136,44994360,Mr. Try Pheap,765/13,19-Apr-13,219,7-May-13,Not found,2015__Infrastructure developing,Not found,Not found,IRITWG_Overview_of_the_Transport_Infrastructure_Sector_in_the_Kingdom_of_Cambodia__2015.pdf;Sub_Decree_No_219__07.05.2013.pdf,,9/4/2014,English,,13.662346,107.527203
4,0101000020887F0000C0AC590D9C9022416B8D010B33A13241,24,Hi-Park SEZ,Svay Rieng,Bavet,Chrak Mtes,263.13,62784780,Very well Hong Kong Limited. Representative: Mr. Lin Mao-Fong,131/13,16-Jan-13,285,30-May-13,Operating,2015__Infrastructure developing,Not found,Not found,IRITWG_Overview_of_the_Transport_Infrastructure_Sector_in_the_Kingdom_of_Cambodia__2015.pdf;Sub_Decree_No_285__30.05.2013.pdf;CDC_SEZ_Operating__00.00.2023.pdf,,17/5/2016,English,0,11.043013,105.99177
5,0101000020887F000028A296F949CE22410D264C2DF7F23341,1,Thary Kampong Cham SEZ,Kampong Cham,Memot,Dar,142.14,69000000,Mr. Chhorn Thary,1931,11-Jun-07,74,16-Jul-07,Not found,Feb 2014__Infrastructure developing,Jul 2011__Under construction,1 company,Cambodian_SEZ_Board__01.07.2009.pdf;CDC__22.04.2013.pdf;Sub_Decree_No_74__16.07.2007.pdf,,17/5/2016,English,,11.824627,106.06696
6,0101000020887F000051AE672106F822418A4EFD72B8AA3241,2,Tai Seng Bavet SEZ,Svay Rieng,Chantrea,Bavet,99,37000000,Mr. Ly Hong Shin,24,4-Jan-07,29,4-Apr-07,Operating,"Feb 2014__Infrastructure developing: fencing, landfill and connecting electricity into the zone.",Jul 2011__Operational,11 Compainies,CDC__22.04.2013.pdf;Cambodian_SEZ_Board__01.07.2009.pdf;Cambodia_Special_Economic_Zones__00.07.2011.pdf;Sub_Decree_No_29__04.04.2007.pdf;CDC_SEZ_Operating__00.00.2023.pdf,,19/6/2014,English,0,11.064632,106.113019
7,0101000020887F0000796695EB34FC224113B3E1F1E2A33241,3,Manhattan (Svay Reing) SEZ,Svay Rieng,Chantrea,Bavet,157.007,15000000,Mr. Clement Yang (Taiwan),2942,28-Aug-05,135,29-Nov-06,Operating,"Feb 2014__The company already built infrastucture, connected power grid from Viet Nam and fenced of the first phase of 70 ha.",Jul 2011__Operational,18 Companies,CDC__22.04.2013.pdf;Cambodian_SEZ_Board__01.07.2009.pdf;Cambodia_Special_Economic_Zones__00.07.2011.pdf;Sub_Decree_No_135__29.11.2006.pdf;CDC_SEZ_Operating__00.00.2023.pdf,,19/6/2014,English,0,11.048794,106.11786
8,0101000020887F0000DDF44FC616B21E419017D56992F03241,4,Goldfame Pak Shun SEZ,Kandal,S'ang,Setbo,80,34462510,Mr. Chan Ji Kvong,25,4-Jan-07,30,4-Apr-07,Operating,Feb 2014__Infrastructure development: fencing,Jul 2011__Operational,3 Companies,CDC__22.04.2013.pdf;Cambodian_SEZ_Board__01.07.2009.pdf;Cambodia_Special_Economic_Zones__00.07.2011.pdf;Sub_Decree_No_30__04.04.2007.pdf;CDC_SEZ_Operating__00.00.2023.pdf,,4/6/2014,English,0,11.228403,105.026729
9,0101000020887F00002DF528B824341D41D12B210704E93141,5,Doung Chhiv Phnom Den SEZ,Takeo,Kiri Vong,Phnum Den,79,28000000,Oknha Doung Chhiv,268,20-Feb-06,140,8-Dec-06,Not found,Feb 2014__Infrastructure developing: landfill and fencing,Jul 2011__Under construction,Not found,IRITWG_Overview_of_the_Transport_Infrastructure_Sector_in_the_Kingdom_of_Cambodia__2015.pdf;All_SEZ_list_by_2009.pdf;CDC__22.04.2013.pdf;Cambodian_SEZ_Board__01.07.2009.pdf;Cambodia_Special_Economic_Zones__00.07.2011.pdf;Sub_Decree_No_140__08.12.2006.pdf,,17/5/2016,English,,10.618137,104.803196
10,0101000020887F0000B87101FB06262341586604D394A43241,6,D&M Bavet SEZ,Svay Rieng,Chantrea,Bavet,117.95,52266830,Ms. Men Pheakdey;Ms. Chhay Noy;Miss. Dy Chendavy,4134,1-Nov-07,Not found,Not found,Not found,Feb 2014__Infrastructure developing,Jul 2011__No activities,Not found,IRITWG_Overview_of_the_Transport_Infrastructure_Sector_in_the_Kingdom_of_Cambodia__2015.pdf;CDC__22.04.2013.pdf;Cambodian_SEZ_Board__01.07.2009.pdf;Cambodia_Special_Economic_Zones__00.07.2011.pdf;,,17/5/2016,English,,11.050218,106.166866
11,0101000020887F0000974888019F5D1841B81B2A5D90D43141,7,Kampot SEZ,Kampot,Kampot,Koh Touch,145,15000000,Oknha Vinh Huor,1947,23-May-06,3,9-Jan-07,Operating,Feb 2014__Infrastructure developing: landfilling and building Kampot Seaport.,Jul 2011__Under construction,Not found,IRITWG_Overview_of_the_Transport_Infrastructure_Sector_in_the_Kingdom_of_Cambodia__2015.pdf;CDC__22.04.2013.pdf;Cambodian_SEZ_Board__01.07.2009.pdf;Cambodia_Special_Economic_Zones__00.07.2011.pdf;Sub_Decree_No_03__09.01.2007.pdf;CDC_SEZ_Operating__00.00.2023.pdf,,17/5/2016,English,0,10.569502,104.078713
12,0101000020887F00007D6E116AF9141D41C82C726FCF5E3341,8,Phnom Penh SEZ,Phnom Penh,Pur SenChey,Kantaok;Phleung Chheh Roteh;Boeng Thum,350.001,59000000,Neak Oknha Kith Meng (Mr.),268,20-Feb-06,33,19-Apr-06,Operating,"Feb 2014__Fencing, roads, administrative building, entrance, electricity, water, and telecommunication systems have been installed.",Jul 2011__Operational,100 Companies,IRITWG_Overview_of_the_Transport_Infrastructure_Sector_in_the_Kingdom_of_Cambodia__2015.pdf;CDC__22.04.2013.pdf;Cambodian_SEZ_Board__01.07.2009.pdf;Cambodia_Special_Economic_Zones__00.07.2011.pdf;Sub_Decree_No_33__19.04.2006.pdf;CDC_SEZ_Operating__00.00.2023.pdf;RGPPSEZ_presentation_EN__00.06.2023.pdf,,17/10/2023,English,0,11.48355,104.784328
13,0101000020887F00003B00000000CF0C41FCFFFFFF3F123741,9,Poi Pet O'Neang SEZ,Banteay Meanchey,O'Chhrov,Nimitt; Poipet,467,15000000,Mrs. Van Ny,3412,7-Oct-05,57,1-Jun-06,Operating,"Feb 2014__Infrastructure developing: fencing, entrance gate, electric pole.",Jul 2011__Under construction,1 Company,All_SEZ_list_by_2009.pdf;CDC__22.04.2013.pdf;Cambodia_Special_Economic_Zones__00.07.2011.pdf;Sub_Decree_No_57__01.06.2006.pdf;CDC_SEZ_Operating__00.00.2023.pdf,,28/03/2016,English,0,13.664943,102.559502
14,0101000020887F0000347C3487F5C41041B36D1F4507A83341,10,Neang Kok Koh Kong SEZ,Koh Kong,Mondol Seima,Pak Khlang,335.43,,Okhna Ly Yong Phat,3399,26-Nov-02,159,26-Oct-07,Operating,Feb 2014__Infrastructure developing: fencing,Jul 2011__Under construction,2 Companies,All_SEZ_list_by_2009.pdf;Sub-decree_No_159__26.10.2007.pdf;CDC__22.04.2013.pdf;Cambodia_Special_Economic_Zones__00.07.2011.pdf;CDC_SEZ_Operating__00.00.2023.pdf,,28/03/2016,English,0,11.645726,102.933879
15,0101000020887F00004519F0C48FB11041A4FBB172AAA93341,11,Suoy Chheng SEZ,Koh Kong,Mondol Seima,Pak Khlang,100,14000000,Mrs. Kao Souy Chheng,3391,26-Nov-02,Not found,Not Found,Not found,Feb 2014__Infrastructure developing,Jul 2011__No activities,Not found,IRITWG_Overview_of_the_Transport_Infrastructure_Sector_in_the_Kingdom_of_Cambodia__2015.pdf;CDC__22.04.2013.pdf;Cambodian_SEZ_Board__01.07.2009.pdf;Cambodia_Special_Economic_Zones__00.07.2011.pdf,,17/5/2016,English,,11.649432,102.922469
16,0101000020887F0000FAFA3DA5BB0516413446E9EFD6B93241,12,Oknha Mong SEZ,Koh Kong,Srae Ambel,Srae Ambel,100,40107080,Oknha Mong Rithy,26,4-Jan-07,Not found,Not found,Not found,Feb 2014__Infrastructure developing,Jul 2011__No activities,Not found,IRITWG_Overview_of_the_Transport_Infrastructure_Sector_in_the_Kingdom_of_Cambodia__2015.pdf;CDC__22.04.2013.pdf;Cambodian_SEZ_Board__01.07.2009.pdf;Cambodia_Special_Economic_Zones__00.07.2011.pdf,,17/5/2016,English,,11.098991,103.725594
17,0101000020887F0000A255FB74B66615417DC5C415851D3241,13,Kampong Saom SEZ,Preah Sihanouk,Stung Hav,Ou Treh,255,190000000,Okhna Kith Meng,21,6-Jan-09,Not found,Not found,Not found,Feb 2014__Infrastructure developing: landfilling and building Kampot Seaport.,Jul 2011__No activities,Not found,IRITWG_Overview_of_the_Transport_Infrastructure_Sector_in_the_Kingdom_of_Cambodia__2015.pdf;CDC__22.04.2013.pdf;Cambodian_SEZ_Board__01.07.2009.pdf;Cambodia_Special_Economic_Zones__00.07.2011.pdf,,9/4/2014,English,,10.736762,103.63408
18,0101000020887F000024C0255A0BB122415F2BC61AC5A63241,14,Pacific (SEZ) I C,Svay Rieng,Svay Teab,Chrak Mtes,107.55,70000000,Mr.Chea Eav Meng; Mr.Gau Hieck Huor;Mrs.Yin Phanny; Mrs.Sim Moniroth;Mr.Ly Vireak,20,6-Jan-09,Not found,Not found,Not found,Feb 2014__Infrastructure developing,Jul 2011__No activities,Not found,IRITWG_Overview_of_the_Transport_Infrastructure_Sector_in_the_Kingdom_of_Cambodia__2015.pdf;All_SEZ_list_by_2009.pdf;CDC__22.04.2013.pdf;Cambodian_SEZ_Board__01.07.2009.pdf;Cambodia_Special_Economic_Zones__00.07.2011.pdf,,17/5/2016,English,,11.055782,106.029818
19,0101000020887F0000495D031217AC12416B157E2F01DF3241,15,Kiri Sakor Koh Kong SEZ,Koh Kong,Kiri Sakor,Prek Khsach;Phnhi Meas,0,110818860,Okhna Ly Yong Phat,4762,25-Dec-07,125,5-Sep-08,Not found,Feb 2014__Infrastructure developing,Jul 2011__Under construction,Not found,IRITWG_Overview_of_the_Transport_Infrastructure_Sector_in_the_Kingdom_of_Cambodia__2015.pdf;All_SEZ_list_by_2009.pdf;Sub_decree_No_125__15.09.2008.pdf;CDC__22.04.2013.pdf;Cambodia_Special_Economic_Zones__00.07.2011.pdf,,17/5/2016,English,,11.182451,103.22264
20,0101000020887F00003607296FED3F1541D2734EF65BE93141,16,S.N.C SEZ,Preah Sihanouk,Prey Nob,Bet Trang,150,14000000,Oknha Kong Triv,3388,26-Nov-02,Not found,Not found,Not found,Feb 2014__Infrastructure developing,Jul 2011__No activities,Not found,IRITWG_Overview_of_the_Transport_Infrastructure_Sector_in_the_Kingdom_of_Cambodia__2015.pdf;All_SEZ_list_by_2009.pdf;CDC__22.04.2013.pdf;Cambodia_Special_Economic_Zones__00.07.2011.pdf,,17/5/2016,English,,10.615929,103.611933
21,0101000020887F0000952118710335154165C7313F841A3241,17,Stung Hav SEZ,Preah Sihanouk,Stung Hav,O'Tres,192,14000000,Ms. Lim Chhiv Ho,544;1114,18 Feb 2005;28 May 2010,50,25-Mar-05,Operating,Feb 2014__Infrastructure developing,Jul 2011__No activities,Not found,IRITWG_Overview_of_the_Transport_Infrastructure_Sector_in_the_Kingdom_of_Cambodia__2015.pdf;All_SEZ_list_by_2009.pdf;CDC__22.04.2013.pdf;Cambodia_Special_Economic_Zones__00.07.2011.pdf;CDC_SEZ_Operating__00.00.2023.pdf,,17/5/2016,English,0,10.729682,103.60503
22,0101000020887F0000C22E7546CE591541FC13E580E21B3241,18,Sihanoukville SEZ,Preah Sihanouk,Stung Hav,O'Tres,178,100000000,Oknha Lav Meng Khin,1966,4-Sep-98,113,25-Oct-06,Operating,Feb 2014__Infrastructure developing,Jul 2011__Under construction,2 Companies,All_SEZ_list_by_2009.pdf;Sub_decree_No_113__25.10.2006.pdf;CDC__22.04.2013.pdf;Cambodia_Special_Economic_Zones__00.07.2011.pdf;CDC_SEZ_Operating__00.00.2023.pdf,,28/03/2016,English,0,10.732944,103.626545
23,0101000020887F0000156AB6E0F64E154196F603E787E53141,19,Sihanoukville SEZ 1,Preah Sihanouk,Prey Nob,Bet Trang; Ream,1113.96,320000000,Oknha Lav Meng Khin,3479;2162,05 Sep 2007;29 June 2007,24,17-Mar-08,Operating,"Feb 2014__Infrastructure developing: building fence, roads, adminstrative building, entrance, electricity, water, and telecommunication system.",Jul 2011__Operational,18Companies,IRITWG_Overview_of_the_Transport_Infrastructure_Sector_in_the_Kingdom_of_Cambodia__2015.pdf;All_SEZ_list_by_2009.pdf;Sub-Decree_No_24__17.03.2008.pdf;CDC__22.04.2013.pdf;Cambodia_Special_Economic_Zones__00.07.2011.pdf;CDC_SEZ_Operating__00.00.2023.pdf,,28/03/2016,English,0,10.607107,103.620768
24,0101000020887F00000ECD910929971441552A067030F63141,20,Sihanoukville Port SEZ,Preah Sihanouk,Preah Sihanouk,Sangkat Mouy; Sangkat Bei,70,34000000,PAS & JBIC Loan CP-P6,502,8-Feb-08,147,2-Sep-09,Operating,Feb 2014__Infrastructure developing,Jul 2011__Under construction,1 Company,IRITWG_Overview_of_the_Transport_Infrastructure_Sector_in_the_Kingdom_of_Cambodia__2015.pdf;All_SEZ_list_by_2009.pdf;CDC__22.04.2013.pdf;Cambodia_Special_Economic_Zones__00.07.2011.pdf;Sub_Decree_No_147__02.09.2009.pdf;CDC_SEZ_Operating__00.00.2023.pdf,,17/5/2016,English,0,10.645173,103.513075
25,0101000020887F00004189B946189A22415CF216D6409E3241,25,Shandong Sunshell Svay Rieng SEZ,Svay Rieng,Bavet,Prey Angkunh,96.14,36709800,Mrs. Zhou Yong,607/13,27-Mar-13,462,1-Jul-13,Operating,Not found,Not found,Not found,IRITWG_Overview_of_the_Transport_Infrastructure_Sector_in_the_Kingdom_of_Cambodia__2015.pdf;Sub_Decree_No_462__01.07.2013.pdf;Determination_No_41__30.10.2013.pdf;CDC_SEZ_Operating__00.00.2023.pdf,,17/5/2016,English,0,11.036157,106.00286
26,0101000020887F000071F537743FAA1C418746E0AD87473441,26,Zhong Jian Jin Bian Jing Ji Te Qu SEZ,Kampong Chhnang,Kampong Tralach,Ta Ches,470.28,90706000,Mr. Chan An Drew,767/13,19-Apr-13,466,22-Jul-13,Not found,2015__Infrastructure developing,Not found,Not found,IRITWG_Overview_of_the_Transport_Infrastructure_Sector_in_the_Kingdom_of_Cambodia__2015.pdf;Sub_Decree_No_466__22.07.2013.pdf,,17/5/2016,English,,12.022271,104.721158
27,0101000020887F00005110C44FAC5B0D416B8CCE554B0D3741,27,Sanco Cambo SEZ,Banteay Meanchey,Poipet,Phsar Kandal,66.5024,38613485,Mr. Chhour Vichet;Mr. Takahiro yamamoto,911/13,3-May-13,481,11-Sep-13,Operating,Not found,Not found,Not found,IRITWG_Overview_of_the_Transport_Infrastructure_Sector_in_the_Kingdom_of_Cambodia__2015.pdf;Sub_Decree_No_481__11.09.2013.pdf;CDC_SEZ_Operating__00.00.2023.pdf,,17/5/2016,English,0,13.653887,102.601206
28,0101000020887F00006B73390F15C32241DA11BCA9509F3241,28,Dragon King Bavet SEZ,Svay Rieng,Bavet,Prey Angkunh,106.5,40488000,Mrs. Ngov Mok,1875/12,16-Aug-12,190,25-Oct-12,Operating,2015__Infrastructure developing,Not found,Not found,IRITWG_Overview_of_the_Transport_Infrastructure_Sector_in_the_Kingdom_of_Cambodia__2015.pdf;Decision_No_40__30.10.2013.pdf;CDC_SEZ_Operating__00.00.2023.pdf,,17/5/2016,English,0,11.038452,106.050892
29,0101000020887F00006034FCC2341620414D34728BBF2D3341,29,Sovannaphum SEZ,Kandal,Kien Svay,Samraong Thum,204.58,55792000,Not found,Not found,Not found,60,11-Feb-14,Operating,Not found,Not found,Not found,IRITWG_Overview_of_the_Transport_Infrastructure_Sector_in_the_Kingdom_of_Cambodia__2015.pdf;Sub_Decree_No_60__10.02.2014.pdf;CDC_SEZ_Operating__00.00.2023.pdf,,17/5/2016,English,0,11.369936,105.248661
30,0101000020887F00002BBA1F48847322412564519B8EA23241,30,Svay Rieng GIGA Resource SEZ,Svay Rieng,Svay Teab,Kandieng Reay,126.9018,,Not found,Not found,Not found,219,24-Jul-14,Operating,Not found,Not found,Not found,Sub_Decree_No_219__24.07.2014.pdf;CDC_SEZ_Operating__00.00.2023.pdf,,20/8/2014,English,0,11.046266,105.957692
31,0101000020887F00002205B0ADEE3A1E4107AFF58093A33341,31,KANDAL S.E.Z,Kandal,Khsach Kandal,Prek Ampil,105,84739160,Mr. Lim Chong Soo,1143/12,4-Jun-12,Not found,Not found,Not found,2015__Infrastructure Developing,Not found,Not found,IRITWG_Overview_of_the_Transport_Infrastructure_Sector_in_the_Kingdom_of_Cambodia__2015.pdf,,17/5/2016,English,,11.642832,104.956804
32,0101000020887F0000C1CF54BC213917410E4A31263CF43141,32,H.K.T S.E.Z,Preah Sihanouk,Prey Nob,Teuk Thla,345.2,48358802,Neak Oknha Sy Kong Triv; Oknha Hann Khien; Oknha Vinh Huor; Mrs. Feng Ying; Mr. Shen Jian Ping; Mr. Lui Bin; Mr. Li Cheng Chun Richard,1862/12,15-Aug-12,189,25-Oct-12,Not found,2015__Infrastructure Developing,Not found,Not found,IRITWG_Overview_of_the_Transport_Infrastructure_Sector_in_the_Kingdom_of_Cambodia__2015.pdf,,17/5/2016,English,,10.642271,103.907369
33,0101000020887F0000C1E667566BFE15415047A10E43873241,33,RATANA SEZ,Koh Kong,Sre Ambel,Chroy Svay,615.62,172866660,Mrs. Heng Sok Meng,131/13,16-Jan-13,Not found,Not found,Not found,2015__Infrastructure Developing,Not found,Not found,IRITWG_Overview_of_the_Transport_Infrastructure_Sector_in_the_Kingdom_of_Cambodia__2015.pdf,,17/5/2016,English,,10.981901,103.721815
34,0101000020887F00008A929207E067164196A9D85619983241,34,Chhak Kampongsaom SEZ,Koh Kong,Sre Ambel,Boeung Preav;Chroy Svay,185.66,,Not found,Not found,Not found,53,29-Mar-16,Not found,Not found,Not found,Not found,Sub_Decree_No_53__29.03.2016.pdf,,17/5/2016,English,,11.021128,103.783417
35,0101000020887F000068D0C9FFFF4424411B377F0004433441,35,UBE Snoul SEZ,Kratie,Snoul,Pi Thnu,817.8,90000000,Zhongqi Holding Group,Not found,Not found,131,24-Jun-16,Not found,Not found,Not found,Not found,Sub_Decree_No_131__24.06.2016.pdf;Decision_No_54__01.08.2022.pdf;Cambodian_Krati√©_Special_Economic_Zone__07.02.2018.pdf,,17/5/2016,English,,12.007892,106.508182
36,0101000020887F0000B767E700D0591C41A6CFC3FFCD3C3341,36,Tian Rui Agricultural Trade SEZ,Kampong Speu,Kong Pisey,Roka Koh,101.36,2000000000,Qingdao Tian Rui Group,Not found,Not found,132,24-Jun-16,Not found,Not found,Not found,Not found,Sub-decree.No.132__24.06.2016.pdf;Agro-processing_SEZ_moves_closer_to_reality_04.07.2017.pdf,,17/5/2016,English,,11.40472,104.674589
37,0101000020887F0000FA39A253C0770D417EA1BF1A44093741,37,Poipet PP SEZ,Banteay Meanchey,Poipet,Phsar Kandal,68.4,17000000,Neak Oknha Kith Meng,Not found,Not found,92,29-May-17,Operating,"Feb 2017__fisnished all areas's UXO removal, earth works, site office, and drainage pipe under construction",Not found,Not found,Sub_decree_No_92__29.05.2017.pdf;Poipet_PPSEZ_Presentation__02.2017.pdf;Royal_Group_Poipet_PP_SEZ__00.05.2022.pdf;CDC_SEZ_Operating__00.00.2023.pdf;RGPPSEZ_Presentation_EN__00.01.2023.pdf,,17/10/2023,English,0,13.644651,102.6096
38,0101000020887F00009DBAC6FF1FDC22414ABA0B00E7A63241,38,Intervia Automobile Industry Complex SEZ,Svay Rieng,Bavet,Chrak Mtes,111.2053,,Lee Jaehoo,Not found,Not found,103,27-Jun-17,Operating,Not found,Not found,Not found,Sub_decree_No_103__27.06.2017.pdf;Company_Details_Intervia_Automobile_Industry_Complex_SEZ.pdf;CDC_SEZ_Operating__00.00.2023.pdf,,11/8/2017,English,0,11.055912,106.080297
39,0101000020887F0000BC5A0F0010071641132714000C733241,39,Cambodia-Sino Metallic Material SEZ,Preah Sihanouk,Stung Hav,Keo Pos,55.0008,,Not found,Not found,Not found,145,1-Nov-18,Not found,Not found,Not found,Not found,Sub_decree_No_145__01.11.2018.pdf,,5/1/2018,English,,10.935131,103.727077
40,0101000020887F00005A4E48D304891641E7AB17B42F283241,40,Cambodian Zhejiang Guoji SEZ,Preah Sihanouk,Prey Nob,Cheung Kou,,,Not found,Not found,Not found,Not found,Not found,Operating,Not found,Not found,Not found,Decision_No_15__20.02.2019.pdf;CDC_SEZ_Operating__00.00.2023.pdf,,12/9/2019,English,0,10.762153,103.803866
41,0101000020887F000000000000E027164100000000E8913241,41,Sisit SEZ,Koh Kong,Sre Ambel,Chroy Svay,2142.0722,,Not found,Not found,Not found,122,27-Aug-19,Not found,Not found,Not found,Not found,Sub_Decree_No_122__27.08.2019.pdf; Sub_Decree_No_83__09.06.2020.pdf,,16/01/2020,English,,11.006641,103.74599
42,0101000020887F000096438B6CF49216413BDF4F4D17433241,42,CAM MJ Agricultural Park SEZ,Preah Sihanouk,Prey Nob,Cheung Kou,99.3082,150000000,Qiu Guoxing,Not found,Not found,159,25-Oct-19,Not found,Not found,Not found,Not found,Sub_Decree_No_155__25.10.2019.pdf;A_Company_Plans_To_Invest_In_Mango_Processing_InCambodia__05.10.2019.pdf;Prince_Real_Estate_To_Build_Industrial_Park_In_Kampong_Speu__30.05.2018.pdf,,14/02/2019,English,,10.824454,103.809436
43,0101000020887F00000000000028811A41000000003C7E3341,43,Ultrapower Technology SEZ,Kampong Speu,Samraong Tong,Tang Krouch,67.3888,,Not found,Not found,Not found,200,6-Dec-19,Not found,Not found,Not found,Not found,Sub_Decree_No_200__06.12.20.pdf,,4/3/2019,English,,11.555755,104.396988
44,0101000020887F00004C192F5D72FC1C410CDBF9FE60353341,44,Songoun Kandal Stung,Kandal,Kadal Stung,Trapeang Veng,50.1623,,Not found,Not found,Not found,47,3-Apr-20,Not found,Not found,Not found,Not fouund,Sub_Decree_No_47__03.04.2020.pdf,,29/6/2020,English,,11.387618,104.770012
45,0101000020887F0000AD839689C6F91D41B9DC85D71A4C3341,45,Kerry Worldbridge SEZ,Phnom Penh,Dangkor,Prek Kampues,63,100000000,Sear Rithy,Not found,Not found,Not found,Not found,Operating,Not found," Provide long term leasehold property for foreign manufacturers, infrastructure and support services",Not fouund,construction_property_kerry_worldbridge_sez_breaks_ground__31.12.2015.pdf;CDC_SEZ_Operating__00.00.2023.pdf,,24/7/2020,English,0,11.440311,104.918606
46,0101000020887F0000B5E39A3B0A192241EBA8843102AC3241,46,Qi Lu Jian Pu Jay SEZ,Svay Rieng,Svay Rieng,Svay Toea,178,1000000,Not found,Not found,Not found,Not found,Not found,Operating,Not found,"Textile & clothing, light industry products, food processing and machinery & electronics as leading industries.",Not fouund,sez_qi_lu_jian__23.07.2020.pdf; asean_investment_report_2017.pdf;Sub_Decree_No_47__28.03.2017.pdf;CDC_SEZ_Operating__00.00.2023.pdf,,24/7/2020,English,0,11.068463,105.851741
47,0101000020887F0000B4768F82D5CE174137484E32EED53141,47,Sunying Pal and Paper Environmental Technology SEZ,Kampot,Bokor Municipality,Preaek Tnoat,140.722,,Not found,Not found,Not found,34,14-Feb-22,Not found,Not found,Not found,Not found,Sub_Decree_No_34__14.02.2022.pdf,,16.06.2022,English,,10.572411,103.995182
48,0101000020887F000094CD80C0592417414F9833D811B53241,48,Kampong Seila SEZ,Preah Sihanouk,Kampong Seila,Kampong Seila,74.8654,,Not found,Not found,Not found,36,16-Feb-22,Not found,Not found,Not found,Not found,Sub_Decree_No_36__16.02.2022.pdf,,16.06.2022,English,,11.088613,103.893569
49,0101000020887F000041D43F6D1E1B13413D7A2FEC31B53241,49,Botum Sakor SEZ,Koh Kong,Not found,Not found,9968,,Royal Group,Not found,Not found,32,25-Jan-23,Not found,Not found,Not found,Not found,Sub_Decree_No_32__25.01.2023.pdf,,18/8/2023,English,,11.086075,103.288261
50,0101000020887F0000000000009C5C164100000000E2153241,50,King Bridge International Prey Nob SEZ ,Preah Sihanouk,Prey Nob,Samrong,87.0118,,Not found,Not found,Not found,54,3-Mar-23,Not found,Not found,Not found,Not found,Sub_Decree_No_54__03.03.2023.pdf,,24/8/2023,English,,10.719683,103.778046
51,0101000020887F000001081D49EB781E41A1F917F23A543441,51,Jiangsu Special Economic Zone on National Road No. 6,Kampong Cham,Cheung Prey,Kouk Rovieng,688926,,Not found,Not found,Not found,78,25-Apr-23,Not found,Not found,Not found,Not found,Sub_Decree_No_78__25.04.2023.pdf,,25/09/2023,English,,12.051812,104.99319
52,0101000020887F000000000000B0DA0D4100000000F9F63641,52,LL Poipet SEZ,Banteay Meanchey,Poipet,Nimitt,58.4209,,Not found,Not found,Not found,235,8-Aug-23,Not found,Not found,Not found,Not found,Sub_Decree_No_235__08.08.2023.pdf,,5/12/2023,English,,13.602621,102.639268
53,0101000020887F000000000000803F17410000000000F33141,53,Grand Bokor SEZ,Preah Sihanouk,Prey Nob,Teuk Thla,142.0591,,Not found,Not found,Not found,79,28-Mar-24,Not found,Not found,Not found,Not found,Sub_Decree_No_79__28.03.2024.pdf,,2/5/2024,English,,10.639426,103.911105
54,0101000020887F000039B4C876B1EC1C4162105879A8AF3441,54,KLPT SEZ,Kampong Chhnang,Kampong Leng,Trangel,98.1022,,Not found,Not found,Not found,145,28-Jun-24,Not found,Not found,Not found,Not found,Sub_Decree_No_145__28.06.2024.pdf,,12/8/2024,English,,12.26337,104.760009
55,0101000020887F0000F2D24D62AFF11C41894160853E4D3341,55,Royal Group Kandal SEZ,Kandal,Kadal Stung,Daeum Rues,11.45645,,Not found,Not found,Not found,144,28-Jun-24,Not found,Not found,Not found,Not found,Sub_Decree_No_144__28.06.2024.pdf,,12/8/2024,English,,11.442865,104.763654
56,0101000020887F00002DB29DEFA3CE154154E3A5DB138C3241,56,Srae Ambel SEZ,Koh Kong,Srae Ambel,Chrouy Svay,180.0004,,Not found,Not found,Not found,179,13-Aug-24,Not found,Not found,Not found,Not found,Sub_Decree_No_179__13.08.2024.pdf,,1/11/2024,English,,10.992929,103.693784
57,0101000020887F00007593184403462241D34D62103D873241,57,Fengfu Svay Rieng SEZ,Svay Rieng,Kampong Rou,"Prey Thum, Nhor",106.2379,,Not found,Not found,Not found,200,28-Aug-24,Not found,Not found,Not found,Not found,Sub_Decree_No_200__28.08.2024.pdf,,9/12/2024,English,,10.983188,105.904181
58,0101000020887F0000D34D621001F61841EE7C3FB5C0223541,58,Pursat SEZ,Pursat,Krakor,Sna Ansa,138.3434,,Not found,Not found,Not found,218,16-Sep-24,Not found,Not found,Not found,Not found,Sub_Decree_No_218__16.09.2024.pdf,,24/12/2024,English,,12.528618,104.162051
59,0101000020887F00003411FCCEA4761641A59E35BE07B43241,59,Koh Kong Zhejiang SEZ,Koh Kong,Srae Ambel,Boeung Preav;Chroy Svay,1012.8694,,Not found,Not found,Not found,247,31-Oct-24,Not found,Not found,Not found,Not found,Sub_Decree_No_247__31.10.2024.pdf,,2/1/2025,English,,11.085816,103.791804
60,0101000020887F00003BDF4F0D7F121641CBA14576B4283241,60,ISI SEZ,Preah Sihanouk,Prey Nob,Cheung Kou,206.1721,,"Golden Port SEZ Development Co., Ltd.",Not found,Not found,260,13-Nov-24,Not found,Not found,Not found,Not found,Sub_Decree_No_260__13.11.2024.pdf,,7/1/2025,English,,10.763078,103.734496
61,0101000020887F0000000000008036224100000000109C3241,61,Huaxiang International SEZ,Svay Rieng,Kampong Rou,Preah Ponlea,129.9603,,Not found,Not found,Not found,288,13-Dec-24,Not found,Not found,Not found,Not found,Sub_Decree_No_288__13.12.2024.pdf,,7/3/2025,English,,11.031449,105.886152
62,0101000020887F000000000000803117410000000084FB3141,62,Cambodia Binhai Prey Nob SEZ,Preah Sihanouk,Prey Nob,Teuk Thla,234.0623,,Not found,Not found,Not found,9,20-Jan-25,Not found,Not found,Not found,Not found,Sub_Decree_No_9__20.01.2025.pdf,,23/04/2025,English,,10.65911,103.902844
63,0101000020887F0000621058B9DFC51741F0A7C66BB3D43141,63,Kampot Funan SEZ,Kampot,Bokor Municipality,Preaek Tnoat,721,,Not found,Not found,Not found,25,27-Feb-25,Not found,Not found,Not found,Not found,Sub_Decree_No_25__27.02.2025.pdf,,7/5/2025,English,,10.569547,103.98995
64,0101000020887F00005A643B5FB5151A41000000A06A793341,64,Kampong Speu SEZ,Kampong Speu,Samraong Tong,Tumpoar Meas,276.3586,,Not found,Not found,Not found,49,2-Apr-25,Not found,Not found,Not found,Not found,Sub_Decree_No_49__02.04.2025.pdf,,11/6/2025,English,,11.544464,104.333949
